{
    "ambient_intensity": 0.1,
    "point_intensity": 50.0,
    "point_location": [
        -17.069148745572345,
        3.1907768916024604,
        98.4807753012208
    ]
}