{
    "ambient_intensity": 0.1,
    "point_intensity": 50.0,
    "point_location": [
        11.102448878660171,
        78.73313431512014,
        60.645108539881335
    ]
}