{
    "ambient_intensity": 0.1,
    "point_intensity": 50.0,
    "point_location": [
        -4.027220746883939,
        -79.41002646543998,
        60.645108539881335
    ]
}