{
    "ambient_intensity": 0.1,
    "point_intensity": 50.0,
    "point_location": [
        17.28589006751444,
        -1.6537535016633904,
        98.4807753012208
    ]
}