{
    "ambient_intensity": 0.1,
    "point_intensity": 50.0,
    "point_location": [
        -78.15823539536734,
        14.610306296185565,
        60.645108539881335
    ]
}