{
    "ambient_intensity": 0.1,
    "point_intensity": 50.0,
    "point_location": [
        2.424688203249739,
        17.194702183739032,
        98.4807753012208
    ]
}