{
    "ambient_intensity": 0.1,
    "point_intensity": 50.0,
    "point_location": [
        79.15067617333217,
        -7.572401963070845,
        60.645108539881335
    ]
}