{
    "ambient_intensity": 0.1,
    "point_intensity": 50.0,
    "point_location": [
        -0.8795135869187166,
        -17.342530147613513,
        98.4807753012208
    ]
}